Project Name,Slug,Developer,Sector,City,Status,Health Score %,Missing Fields
"AIMS Golf City","aims-golf-city-sector-75-sec-1","AIMS Golf Developers","Sector 75","Noida","ready_to_move",55%,"Nearest Metro & Expressway Connectivity"
"Amrapali Silicon City Phase 1","amrapali-silicon-city-phase-1-sector-76","Amrapali Group (NBCC Supervised)","Sector 76","Noida","ready_to_move",55%,"Nearest Metro & Expressway Connectivity"
"Antriksh Golf Link","antriksh-golf-link-sector-1","Antriksh Group","Sector 1","Greater Noida West","ready_to_move",55%,"Nearest Metro & Expressway Connectivity"
"Apex Golf Avenue","apex-golf-avenue-sector-1-greater-noida-west","Apex Buildcon","Sector 1","Greater Noida West","ready_to_move",55%,"Nearest Metro & Expressway Connectivity"
"ATS Greens 1","ats-greens-1-sector-50","ATS Homekraft","Sector 50","Noida","ready_to_move",55%,"Nearest Metro & Expressway Connectivity"
"ATS Greens 2","ats-greens-2-sector-50","ATS Homekraft","Sector 50","Noida","ready_to_move",55%,"Nearest Metro & Expressway Connectivity"
"ATS Pristine Golf Villas Phase 1","ats-pristine-golf-villas-phase-1-sector-150","ATS Homekraft","Sector 150","Noida","ready_to_move",55%,"Nearest Metro & Expressway Connectivity"
"ATS Pristine Phase 2","ats-pristine-phase-2-sector-150","ATS Homekraft","Sector 150","Noida","ready_to_move",55%,"Nearest Metro & Expressway Connectivity"
"Cherry County Towers A-F","cherry-county-towers-a-f-techzone-4","Cherry County","Techzone 4","Greater Noida West","ready_to_move",55%,"Nearest Metro & Expressway Connectivity"
"Eldeco Residency Greens","eldeco-residency-greens-sector-alpha-2","Eldeco Group","Alpha 2","Greater Noida","ready_to_move",55%,"Nearest Metro & Expressway Connectivity"
"Gaur Atulyam","gaur-atulyam-sector-omicron-1","Gaursons","Omicron 1","Greater Noida","ready_to_move",55%,"Nearest Metro & Expressway Connectivity"
"Gaur City 1 - 2nd Avenue","gaur-city-1-2nd-avenue-sector-4","Gaursons","Sector 4","Greater Noida West","ready_to_move",55%,"Nearest Metro & Expressway Connectivity"
"Gaur City 1 - 4th Avenue","gaur-city-1-4th-avenue-sector-4","Gaursons","Sector 4","Greater Noida West","ready_to_move",55%,"Nearest Metro & Expressway Connectivity"
"Gaur Saundaryam","gaur-saundaryam-techzone-4-greater-noida-west","Gaursons","Techzone 4","Greater Noida West","ready_to_move",55%,"Nearest Metro & Expressway Connectivity"
"Gaur Yamuna City - 16th Parkview","gaur-yamuna-city-16th-parkview-yamuna-expressway","Gaursons","Yamuna Expressway","Yamuna Expressway","ready_to_move",55%,"Nearest Metro & Expressway Connectivity"
"Gaur Yamuna City - 32nd Parkview","gaur-yamuna-city-32nd-parkview-yamuna-expressway","Gaursons","Yamuna Expressway","Yamuna Expressway","ready_to_move",55%,"Nearest Metro & Expressway Connectivity"
"Great Value Sharanam","great-value-sharanam-sector-107-noida","Great Value Realty","Sector 107","Noida","ready_to_move",55%,"Nearest Metro & Expressway Connectivity"
"Great Value Sharanam Greno","great-value-sharanam-greno-sector-1","Great Value Realty","Sector 1","Greater Noida West","ready_to_move",55%,"Nearest Metro & Expressway Connectivity"
"Greenarch","greenarch-techzone-4-greater-noida-west","Greenarch","Techzone 4","Greater Noida West","ready_to_move",55%,"Nearest Metro & Expressway Connectivity"
"Gulshan Ikebana Towers A-F","gulshan-ikebana-towers-a-f-sector-143","Gulshan Group","Sector 143","Noida","ready_to_move",55%,"Nearest Metro & Expressway Connectivity"
"Hawelia Valencia Homes","hawelia-valencia-homes-techzone-4-greater-noida-west","Hawelia Group","Techzone 4","Greater Noida West","ready_to_move",55%,"Nearest Metro & Expressway Connectivity"
"Jaypee Aman","jaypee-aman-sector-151-noida","Jaypee Wish Town","Sector 151","Noida","ready_to_move",55%,"Nearest Metro & Expressway Connectivity"
"Jaypee Earth Court","jaypee-earth-court-pari-chowk","Jaypee Greens (Suraksha Group Resolution)","Pari Chowk","Greater Noida","ready_to_move",55%,"Nearest Metro & Expressway Connectivity"
"Jaypee Greens Golf Course Villas","jaypee-greens-golf-course-villas-pari-chowk","Jaypee Greens (Suraksha Group Resolution)","Pari Chowk","Greater Noida","ready_to_move",55%,"Nearest Metro & Expressway Connectivity"
"Jaypee Moon Court","jaypee-moon-court-pari-chowk","Jaypee Greens (Suraksha Group Resolution)","Pari Chowk","Greater Noida","ready_to_move",55%,"Nearest Metro & Expressway Connectivity"
"Jaypee Pebble Court","jaypee-pebble-court-sector-128","Jaypee Wish Town","Sector 128","Noida","ready_to_move",55%,"Nearest Metro & Expressway Connectivity"
"Jaypee Star Court","jaypee-star-court-pari-chowk","Jaypee Greens (Suraksha Group Resolution)","Pari Chowk","Greater Noida","ready_to_move",55%,"Nearest Metro & Expressway Connectivity"
"Jaypee Sun Court","jaypee-sun-court-pari-chowk","Jaypee Greens (Suraksha Group Resolution)","Pari Chowk","Greater Noida","ready_to_move",55%,"Nearest Metro & Expressway Connectivity"
"Logix Blossom Greens Phase 1","logix-blossom-greens-phase-1-sector-143","Logix Group","Sector 143","Noida","ready_to_move",55%,"Nearest Metro & Expressway Connectivity"
"Lotus 300","lotus-300-sector-107","The 3C Company","Sector 107","Noida","ready_to_move",55%,"Nearest Metro & Expressway Connectivity"
"Mahagun Mantra I","mahagun-mantra-i-sector-10","ACE Group & Mahagun","Sector 10","Greater Noida West","ready_to_move",55%,"Nearest Metro & Expressway Connectivity"
"Mahagun Meadow","mahagun-meadow-sector-150","ACE Group & Mahagun","Sector 150","Noida","ready_to_move",55%,"Nearest Metro & Expressway Connectivity"
"Mahagun Mywoods","mahagun-mywoods-sector-16c-greater-noida-west","ACE Group & Mahagun","Sector 16C","Greater Noida West","ready_to_move",55%,"Nearest Metro & Expressway Connectivity"
"Migsun Ultima","migsun-ultima-sector-zeta-1","Migsun Group","Zeta 1","Greater Noida","ready_to_move",55%,"Nearest Metro & Expressway Connectivity"
"Migsun Villa","migsun-villa-sector-eta-2","Migsun Group","Eta 2","Greater Noida","ready_to_move",55%,"Nearest Metro & Expressway Connectivity"
"Migsun Wynn","migsun-wynn-sector-eta-2-noida","Migsun Group","Eta 2","Greater Noida","ready_to_move",55%,"Nearest Metro & Expressway Connectivity"
"Nirala Aspire Towers A1-A8","nirala-aspire-towers-a1-a8-sector-16b","Nirala World","Sector 16B","Greater Noida West","ready_to_move",55%,"Nearest Metro & Expressway Connectivity"
"Panchsheel Greens 2","panchsheel-greens-2-sector-16-greater-noida-west","Panchsheel Buildtech","Sector 16","Greater Noida West","under_construction",55%,"Nearest Metro & Expressway Connectivity"
"Purvanchal Silver City","purvanchal-silver-city-pari-chowk-noida","Purvanchal Projects","Pari Chowk","Greater Noida","ready_to_move",55%,"Nearest Metro & Expressway Connectivity"
"Rudra Palace Heights","rudra-palace-heights-sector-1-greater-noida-west","Rudra","Sector 1","Greater Noida West","ready_to_move",55%,"Nearest Metro & Expressway Connectivity"
"Saviour Greenisle","saviour-greenisle-sector-16c","Saviour Builders","Sector 16C","Greater Noida West","ready_to_move",55%,"Nearest Metro & Expressway Connectivity"
"SDS NRI Township Phase 2","sds-nri-township-phase-2-yamuna-expressway","SDS Infracon","Yamuna Expressway","Yamuna Expressway","ready_to_move",55%,"Nearest Metro & Expressway Connectivity"
"Stellar Mi City","stellar-mi-city-sector-zeta-1","Stellar Group","Zeta 1","Greater Noida","ready_to_move",55%,"Nearest Metro & Expressway Connectivity"
"Supertech Eco City","supertech-eco-city-sector-137-noida","Supertech Limited","Sector 137","Noida","ready_to_move",55%,"Nearest Metro & Expressway Connectivity"
"Supertech Eco Village 1","supertech-eco-village-1-sector-1-greater-noida-west","Supertech Limited","Sector 1","Greater Noida West","ready_to_move",55%,"Nearest Metro & Expressway Connectivity"
"Habitech Panchtatva","habitech-panchtatva-techzone-4","Habitech","Techzone 4","Greater Noida West","ready_to_move",57%,"Nearest Metro & Expressway Connectivity"
"Mahagun Mezzaria","mahagun-mezzaria-sector-78-noida","ACE Group & Mahagun","Sector 78","Noida","ready_to_move",59%,"Nearest Metro & Expressway Connectivity"
"Mahagun Mirabella","mahagun-mirabella-sector-79-noida","ACE Group & Mahagun","Sector 79","Noida","ready_to_move",59%,"Nearest Metro & Expressway Connectivity"
"Amaatra Homes","amaatra-homes-sector-10","Amaatra","Sector 10","Greater Noida West","ready_to_move",60%,"Nearest Metro & Expressway Connectivity"
"Amrapali Centurian Park - O2 Valley","amrapali-centurian-park-o2-valley-techzone-4","Amrapali Group (NBCC Supervised)","Techzone 4","Greater Noida West","under_construction",60%,"Nearest Metro & Expressway Connectivity"
"Amrapali Centurian Park - Tropical Garden","amrapali-centurian-park-tropical-garden-techzone-4","Amrapali Group (NBCC Supervised)","Techzone 4","Greater Noida West","under_construction",60%,"Nearest Metro & Expressway Connectivity"
"Amrapali Dream Valley","amrapali-dream-valley-techzone-4-greater-noida-west","Amrapali Group (NBCC Supervised)","Techzone 4","Greater Noida West","under_construction",60%,"Nearest Metro & Expressway Connectivity"
"Amrapali Golf Homes","amrapali-golf-homes-sector-4-greater-noida-west","Amrapali Group (NBCC Supervised)","Sector 4","Greater Noida West","under_construction",60%,"Nearest Metro & Expressway Connectivity"
"Amrapali Leisure Valley","amrapali-leisure-valley-techzone-4","Amrapali Group (NBCC Supervised)","Techzone 4","Greater Noida West","under_construction",60%,"Nearest Metro & Expressway Connectivity"
"Amrapali Verona Heights","amrapali-verona-heights-techzone-4-greater-noida-west","Amrapali Group (NBCC Supervised)","Techzone 4","Greater Noida West","under_construction",60%,"Nearest Metro & Expressway Connectivity"
"Arihant Ambar","arihant-ambar-sector-1","Arihant Group","Sector 1","Greater Noida West","ready_to_move",60%,"Nearest Metro & Expressway Connectivity"
"ATS Destinaire","ats-destinaire-sector-1-greater-noida-west","ATS Homekraft","Sector 1","Greater Noida West","under_construction",60%,"Nearest Metro & Expressway Connectivity"
"ATS Le Grandiose Phase 2","ats-le-grandiose-phase-2-sector-150","ATS Homekraft","Sector 150","Noida","under_construction",60%,"Nearest Metro & Expressway Connectivity"
"ATS Pious Hideaways Phase 2","ats-pious-hideaways-phase-2-sector-150","ATS Homekraft","Sector 150","Noida","under_construction",60%,"Nearest Metro & Expressway Connectivity"
"CRC Sublimis","crc-sublimis-sector-1-greater-noida-west","CRC Group","Sector 1","Greater Noida West","ready_to_move",60%,"Nearest Metro & Expressway Connectivity"
"Devika Gold Homz","devika-gold-homz-sector-1","Devika","Sector 1","Greater Noida West","ready_to_move",60%,"Nearest Metro & Expressway Connectivity"
"Earth Towne","earth-towne-sector-1-greater-noida-west","Earth Towne","Sector 1","Greater Noida West","under_construction",60%,"Nearest Metro & Expressway Connectivity"
"Eldeco Aangan","eldeco-aangan-sector-82","Eldeco Group","Sector 82","Noida","ready_to_move",60%,"Nearest Metro & Expressway Connectivity"
"Eldeco Live By The Greens Phase 2","eldeco-live-by-the-greens-phase-2-sector-150","Eldeco Group","Sector 150","Noida","under_construction",60%,"Nearest Metro & Expressway Connectivity"
"Galaxy North Avenue 1","galaxy-north-avenue-1-sector-4","Galaxy Group","Sector 4","Greater Noida West","ready_to_move",60%,"Nearest Metro & Expressway Connectivity"
"Galaxy North Avenue 2","galaxy-north-avenue-2-sector-16c","Galaxy Group","Sector 16C","Greater Noida West","ready_to_move",60%,"Nearest Metro & Expressway Connectivity"
"Galaxy Vega","galaxy-vega-techzone-4-greater-noida-west","Galaxy Group","Techzone 4","Greater Noida West","ready_to_move",60%,"Nearest Metro & Expressway Connectivity"
"Gaur Yamuna City - 1st-B Parkview","gaur-yamuna-city-1st-b-parkview-yamuna-expressway","Gaursons","Yamuna Expressway","Yamuna Expressway","under_construction",60%,"Nearest Metro & Expressway Connectivity"
"Gaur Yamuna City - KrishnVilas","gaur-yamuna-city-krishnvilas-yamuna-expressway","Gaursons","Yamuna Expressway","Yamuna Expressway","under_construction",60%,"Nearest Metro & Expressway Connectivity"
"Gayatri Life","gayatri-life-sector-16","Aadhaar Shri","Sector 16","Greater Noida West","ready_to_move",60%,"Nearest Metro & Expressway Connectivity"
"Jaypee Klassic Block 6-10","jaypee-klassic-block-6-10-sector-134","Jaypee Wish Town","Sector 134","Noida","under_construction",60%,"Nearest Metro & Expressway Connectivity"
"Jaypee Kosmos","jaypee-kosmos-sector-134-noida","Jaypee Wish Town","Sector 134","Noida","under_construction",60%,"Nearest Metro & Expressway Connectivity"
"KVD Wind Park","kvd-wind-park-techzone-4-greater-noida-west","KVD","Techzone 4","Greater Noida West","ready_to_move",60%,"Nearest Metro & Expressway Connectivity"
"La Palacia Towers A-D","la-palacia-towers-a-d-techzone-4","La Palacia","Techzone 4","Greater Noida West","ready_to_move",60%,"Nearest Metro & Expressway Connectivity"
"Lotus Zing","lotus-zing-sector-168","The 3C Company","Sector 168","Noida","ready_to_move",60%,"Nearest Metro & Expressway Connectivity"
"Mahagun Mantra II","mahagun-mantra-ii-sector-10","ACE Group & Mahagun","Sector 10","Greater Noida West","under_construction",60%,"Nearest Metro & Expressway Connectivity"
"Mahagun Medalleo Towers E-G","mahagun-medalleo-towers-e-g-sector-107","ACE Group & Mahagun","Sector 107","Noida","under_construction",60%,"Nearest Metro & Expressway Connectivity"
"Mahagun My Laagoon Phase 1","mahagun-my-laagoon-phase-1-sector-12","ACE Group & Mahagun","Sector 12","Greater Noida West","under_construction",60%,"Nearest Metro & Expressway Connectivity"
"Migsun Atharva","migsun-atharva-sector-techzone-4","Migsun Group","Techzone 4","Greater Noida West","under_construction",60%,"Nearest Metro & Expressway Connectivity"
"NCR Monarch","ncr-monarch-sector-1","NCR","Sector 1","Greater Noida West","ready_to_move",60%,"Nearest Metro & Expressway Connectivity"
"Nirala Greenshire","nirala-greenshire-sector-2-greater-noida-west","Nirala World","Sector 2","Greater Noida West","ready_to_move",60%,"Nearest Metro & Expressway Connectivity"
"Omaxe Grandwoods","omaxe-grandwoods-sector-forest-lane","Omaxe Limited","Sector Forest Lane","Greater Noida","ready_to_move",60%,"Nearest Metro & Expressway Connectivity"
"Omaxe Palm Greens","omaxe-palm-greens-sector-mu-1-greater-noida","Omaxe Limited","Mu 1","Greater Noida","ready_to_move",60%,"Nearest Metro & Expressway Connectivity"
"Omaxe Riviera","omaxe-riviera-surajpur","Omaxe Limited","Surajpur","Greater Noida","ready_to_move",60%,"Nearest Metro & Expressway Connectivity"
"Palm Olympia","palm-olympia-sector-16c-greater-noida-west","Palm Olympia","Sector 16C","Greater Noida West","ready_to_move",60%,"Nearest Metro & Expressway Connectivity"
"Panchsheel Pinnacle","panchsheel-pinnacle-sector-16b","Panchsheel Buildtech","Sector 16B","Greater Noida West","ready_to_move",60%,"Nearest Metro & Expressway Connectivity"
"Paramount Emotions","paramount-emotions-sector-1-greater-noida-west","Paramount Group","Sector 1","Greater Noida West","ready_to_move",60%,"Nearest Metro & Expressway Connectivity"
"Purvanchal Heights","purvanchal-heights-sector-zeta-1","Purvanchal Projects","Zeta 1","Greater Noida","ready_to_move",60%,"Nearest Metro & Expressway Connectivity"
"Rajhans Residency","rajhans-residency-sector-1","Rajhans","Sector 1","Greater Noida West","ready_to_move",60%,"Nearest Metro & Expressway Connectivity"
"Royal Nest","royal-nest-sector-16c-greater-noida-west","Royal Nest","Sector 16C","Greater Noida West","ready_to_move",60%,"Nearest Metro & Expressway Connectivity"
"SKA Divya Towers","ska-divya-towers-sector-16b","SKA Group","Sector 16B","Greater Noida West","ready_to_move",60%,"Nearest Metro & Expressway Connectivity"
"SKA Greenarch","ska-greenarch-sector-16b","SKA Group","Sector 16B","Greater Noida West","ready_to_move",60%,"Nearest Metro & Expressway Connectivity"
"SKA Metro Ville","ska-metro-ville-eta-2-greno-w","SKA Group","Eta 2","Greater Noida","ready_to_move",60%,"Nearest Metro & Expressway Connectivity"
"SRPL Flora Heritage","srpl-flora-heritage-sector-1","SRPL","Sector 1","Greater Noida West","ready_to_move",60%,"Nearest Metro & Expressway Connectivity"
"Stellar Kings Court","stellar-kings-court-sector-alpha-2","Stellar Group","Alpha 2","Greater Noida","ready_to_move",60%,"Nearest Metro & Expressway Connectivity"
"Supertech Supernova Astralis","supertech-supernova-astralis-sector-94","Supertech Limited","Sector 94","Noida","under_construction",60%,"Nearest Metro & Expressway Connectivity"
"Tata Eureka Park Phase 2","tata-eureka-park-phase-2-sector-150","Tata Realty","Sector 150","Noida","under_construction",60%,"Nearest Metro & Expressway Connectivity"
"Trecento Residencies by Gaurs","trecento-residencies-by-gaurs-jaypee-greens","Gaursons","Jaypee Greens","Greater Noida","under_construction",60%,"Nearest Metro & Expressway Connectivity"
"Trident Embassy Resenso","trident-embassy-resenso-sector-1","Trident Group","Sector 1","Greater Noida West","under_construction",60%,"Nearest Metro & Expressway Connectivity"
"Vihaan Greens Phase 1","vihaan-greens-phase-1-sector-1","Vihaan Group","Sector 1","Greater Noida West","ready_to_move",60%,"Nearest Metro & Expressway Connectivity"
"Vihaan Heritage","vihaan-heritage-sector-1","Vihaan Group","Sector 1","Greater Noida West","ready_to_move",60%,"Nearest Metro & Expressway Connectivity"
"ACE Terrains / Terra","ace-terrains-terra-sector-22d-sec-1","ACE Group","Sector 22D","Yamuna Expressway","under_construction",65%,"Nearest Metro & Expressway Connectivity"
"Amrapali La Residentia","amrapali-la-residentia-techzone-4","Amrapali Group (NBCC Supervised)","Techzone 4","Greater Noida West","under_construction",65%,"Nearest Metro & Expressway Connectivity"
"Aniket Antalya Heights","aniket-antalya-heights-sector-1","Aniket","Sector 1","Greater Noida West","under_construction",65%,"Nearest Metro & Expressway Connectivity"
"Apex Aura","apex-aura-sector-1","Apex Buildcon","Sector 1","Greater Noida West","under_construction",65%,"Nearest Metro & Expressway Connectivity"
"Arihant One","arihant-one-sector-1","Arihant Group","Sector 1","Greater Noida West","under_construction",65%,"Nearest Metro & Expressway Connectivity"
"CRC Joyous","crc-joyous-techzone-4","CRC Group","Techzone 4","Greater Noida West","under_construction",65%,"Nearest Metro & Expressway Connectivity"
"Fusion The Rivulet","fusion-the-rivulet-sector-12","Fusion Buildtech","Sector 12","Greater Noida West","under_construction",65%,"Nearest Metro & Expressway Connectivity"
"Gaur Mulberry Mansions","gaur-mulberry-mansions-sector-1","Gaursons","Sector 1","Greater Noida West","under_construction",65%,"Nearest Metro & Expressway Connectivity"
"Golden I Residential Blocks","golden-i-residential-blocks-techzone-4","Golden","Techzone 4","Greater Noida West","under_construction",65%,"Nearest Metro & Expressway Connectivity"
"Jaypee Garden Isles","jaypee-garden-isles-sector-133","Jaypee Wish Town","Sector 133","Noida","under_construction",65%,"Nearest Metro & Expressway Connectivity"
"Nirala Trio","nirala-trio-sector-2","Nirala World","Sector 2","Greater Noida West","under_construction",65%,"Nearest Metro & Expressway Connectivity"
"Patel Neotown","patel-neotown-techzone-4-greater-noida-west","Patel","Techzone 4","Greater Noida West","under_construction",65%,"Nearest Metro & Expressway Connectivity"
"Rise Resort Residences","rise-resort-residences-sector-1","Rise Group","Sector 1","Greater Noida West","under_construction",65%,"Nearest Metro & Expressway Connectivity"
"Saraswati Landmark","saraswati-landmark-sector-1","Saraswati","Sector 1","Greater Noida West","under_construction",65%,"Nearest Metro & Expressway Connectivity"
"Supertech North Eye","supertech-north-eye-sector-74","Supertech Limited","Sector 74","Noida","under_construction",65%,"Nearest Metro & Expressway Connectivity"